IdArt,Codigo,IdRubro,UM,CodArtPro,Descripcion1,Descripcion2,IdFamilia,Actual,Minimo,PC,PG,Precio01,Precio02,Precio03,Obs,Estado,FechaHora,Usuario,Linked,IVA
000001,000001,01,Uni,,MANTECA ILOLAY X 200 GRS,,000001,-5874.0000,0.0000,0.0000,0.0000,349.0000,366.4500,331.5500,,1,11/11/92 18:19:58,0,0,21.0000
000002,000002,01,Uni,,MANTECA ILOLAY X 100 GRS,,000001,-25971.0000,0.0000,0.0000,0.0000,179.0000,187.9500,170.0500,,1,11/11/92 18:19:04,0,0,21.0000
000003,000003,01,Uni,,MANTECA   X 100 GRS,,000001,-4776.0000,0.0000,0.0000,0.0000,117.6000,123.4800,111.7200,,1,11/11/92 21:08:15,0,0,21.0000
000004,000004,01,Uni,,MANTECA,,000001,0.0000,0.0000,0.0000,0.0000,0.0000,0.0000,0.0000,,2,08/15/11 19:49:07,0,0,21.0000
000005,000755,01,Uni,,DULCE DE LECHE ILOLAY X 200 GRS,,000001,-466040.0000,0.0000,0.0000,0.0000,144.0000,151.2000,136.8000,,1,11/11/92 21:39:59,0,0,21.0000
000006,000006,01,Uni,,DULCE DE LECHE ILOLAY X 400 GRS,,000001,-12098.0000,0.0000,0.0000,0.0000,263.0000,276.1500,249.8500,,1,11/11/92 21:40:48,0,0,21.0000
000007,000007,01,Uni,,DULCE DE LECHE ILOLAY X 400 GRS REPOST.,,000001,-1910.0000,0.0000,0.0000,0.0000,289.5000,303.9800,275.0300,,1,11/11/92 21:41:33,0,0,21.0000
000008,000008,01,Kg,,DULCE DE LECHE ILOLAY X 25 KG,,000001,-18651.0000,0.0000,0.0000,0.0000,169.0000,177.4500,160.5500,,2,11/11/92 00:45:05,0,0,21.0000
000009,000009,01,Uni,,DULCE DE LECHE,,000001,0.0000,0.0000,0.0000,0.0000,0.0000,0.0000,0.0000,,2,08/15/11 19:50:09,0,0,21.0000
000010,000010,01,Uni,,CREMA DE LECHE ILOLAY X 200 CC DOBLE,,000001,-5931.0000,0.0000,0.0000,0.0000,80.0000,84.0000,76.0000,,2,11/11/92 00:46:24,0,0,21.0000
000011,000011,01,Kg,,CREMA DE LECHE ILOLAY X 10 KG,,000001,-5024.5000,0.0000,0.0000,0.0000,328.0000,344.4000,311.6000,,2,11/11/92 00:46:43,0,0,21.0000
000012,000012,01,Uni,,CREMA DE LECHE,,000001,0.0000,0.0000,100.0000,0.0000,0.0000,0.0000,0.0000,,2,08/15/11 19:51:02,0,0,21.0000
000013,000013,01,Uni,,YOGUR BATIDO ILOLAY X 120 GRS,,000001,-75368.0000,0.0000,0.0000,0.0000,47.0000,49.3500,44.6500,,1,11/11/92 01:04:24,0,0,21.0000
000014,000014,01,Uni,,YOGUR FIRME ILOLAY X 190 GRS,,000001,-75413.0000,0.0000,0.0000,0.0000,75.3000,79.0700,71.5400,,1,11/11/92 01:05:06,0,0,21.0000
000015,000015,01,Uni,,YOGUR BBLE. BOT. ILOLAY X 190,,000001,-11222.0000,0.0000,0.0000,0.0000,39.6000,41.5800,37.6200,,2,11/11/92 00:45:46,0,0,21.0000
000016,000016,01,Uni,,YOGUR CON CEREAL ILOLAY,,000001,-39655.0000,0.0000,0.0000,0.0000,104.5000,109.7300,99.2800,,1,11/11/92 18:01:23,0,0,21.0000
000017,000017,01,Uni,,YOGUR ILOLAY X 1 KG EN SACHET,,000001,-35646.0000,0.0000,0.0000,0.0000,139.3000,146.2700,132.3400,,1,11/11/92 01:06:12,0,0,21.0000
000018,000018,01,Uni,,FLAN ILOLAY KIDS X 110 GRS,,000001,-1562.0000,0.0000,0.0000,0.0000,12.2000,12.8100,11.5900,,2,11/11/92 18:07:13,0,0,21.0000
000019,000019,01,Kg,,QUESO CREMOSO CREMIGAL,,000001,-1841.7900,0.0000,0.0000,0.0000,63.5000,66.6800,60.3300,,2,11/25/14 23:25:37,0,0,21.0000
000020,000020,01,Kg,,QUESO CREMOSO NOAL,,000001,-31.0800,0.0000,0.0000,0.0000,23.0000,24.1500,21.8500,,2,10/19/11 00:02:54,0,0,21.0000
000021,000021,01,Kg,,QUESO CUARTIROLO ILOLAY,,000001,-6875.1750,0.0000,0.0000,0.0000,819.5000,860.4800,778.5300,,1,11/11/92 01:10:21,0,0,21.0000
000022,000022,01,Uni,,POSTRE ILOLAY KIDS X 120 GRS,,000001,-1010.0000,0.0000,0.0000,0.0000,12.9000,13.5500,12.2600,,2,11/11/92 18:29:45,0,0,21.0000
000023,000023,01,Uni,,MARGARINA DANICA X 200 GRS,,000001,-5378.0000,0.0000,0.0000,0.0000,158.4000,166.3200,150.4800,mayo,1,11/11/92 17:40:03,0,0,21.0000
000024,000024,01,Uni,,MARGARINA MANTY X 100 GRS,,000001,-48.0000,0.0000,0.0000,0.0000,1.7500,1.8375,1.6625,,2,08/16/11 08:03:17,0,0,21.0000
000025,000025,01,Uni,,MARGARINA MANTY X 200 GRS,,000001,-10.0000,0.0000,0.0000,0.0000,3.8500,4.0425,3.6575,,2,08/16/11 08:03:25,0,0,21.0000
000026,000026,01,Kg,,QUESO TYBO BARRA ILOLAY,,000001,-5213.4400,0.0000,0.0000,0.0000,973.0000,1021.6500,924.3500,,1,11/11/92 01:09:30,0,0,21.0000
000027,000027,01,Kg,,QUESO BARRA,,000001,-10.1800,0.0000,0.0000,0.0000,34.7000,38.1700,32.7358,,2,08/16/11 08:04:25,0,0,21.0000
000028,000028,01,Kg,,QUESO SARDO ILOLAY,,000001,-82.0800,0.0000,0.0000,0.0000,164.0000,172.2000,155.8000,,1,11/11/92 00:26:27,0,0,21.0000
000029,000029,01,Kg,,QUESO SARDO ENTRERRIANO,,000001,-20289.7930,0.0000,0.0000,0.0000,1020.0000,1071.0000,969.0000,,1,11/12/92 22:45:01,0,0,21.0000
000030,000030,01,Kg,,QUESO HOLANDA CC,,000001,-17.5900,0.0000,0.0000,0.0000,33.6000,35.2800,31.9200,,2,09/22/11 18:14:25,0,0,21.0000
000031,000031,01,Kg,,QUESO MOOZZARELLA,,000001,-559.3050,0.0000,0.0000,0.0000,48.6000,51.0300,46.1700,,2,02/04/13 17:44:09,0,0,21.0000
000032,000032,01,Kg,,QUESO AZUL ILOLAY (ROQUEFORT),,000001,-68.3150,0.0000,0.0000,0.0000,2031.0000,2132.5500,1929.4500,,1,11/11/92 01:11:08,0,0,21.0000
000033,000033,01,Uni,,QUESO UNTABLE ILOLAY X 190 GRS,,000001,-3577.0000,0.0000,0.0000,0.0000,217.5000,228.3800,206.6300,,1,11/11/92 18:50:50,0,0,21.0000
000034,000034,01,Uni,,QUESO UNTABLE PORT SALUT X 200 GRS,,000001,-31.0000,0.0000,0.0000,0.0000,13.9000,14.6000,13.2100,,2,04/21/14 17:08:13,0,0,21.0000
000035,000035,01,Uni,,QUESO RALLADO ILOLAY X 40 GRS,,000001,-68642.0000,0.0000,0.0000,0.0000,171.4000,179.9700,162.8300,,1,11/11/92 01:06:03,0,0,21.0000
000036,000036,01,Uni,,QUESO RALLADO ILOLAY X 120 GRS,,000001,-2235.0000,0.0000,0.0000,0.0000,200.0000,210.0000,190.0000,,2,11/11/92 18:19:31,0,0,21.0000
000037,0000037,01,Uni,,LECHE ENTERA LARGA VIDA ILOLAY X 1 LT,,000001,-104832.0000,0.0000,0.0000,0.0000,180.5000,189.5300,171.4800,,1,11/11/92 17:48:00,0,0,21.0000
000038,000038,01,Uni,,LECHE DESCREMADA L V ILOLAY X 1 LT,,000001,-32527.0000,0.0000,0.0000,0.0000,180.5000,189.5300,171.4800,,1,11/11/92 17:48:28,0,0,21.0000
000039,000039,01,Uni,,LECHE CHOCOLATADA X 200 CC,,000001,-29022.0000,0.0000,0.0000,0.0000,118.5000,124.4300,112.5800,,1,11/11/92 17:53:59,0,0,21.0000
000040,000040,01,Uni,,LECHE CHOCOLATADA X 1 LT,,000001,-17410.0000,0.0000,0.0000,0.0000,239.8000,251.7900,227.8100,,1,11/11/92 18:00:31,0,0,21.0000
000041,000455,01,Uni,,LECHE EN POLVO X 800 G ENTERA,,000001,-1705.0000,0.0000,0.0000,0.0000,196.6000,206.4300,186.7700,|,2,11/11/92 19:10:53,0,0,21.0000
000042,000042,01,Uni,,LECHE EN POLVO X 800 G DESCREMADA,,000001,-297.0000,0.0000,0.0000,0.0000,182.0000,191.1000,172.9000,,2,11/11/92 00:31:37,0,0,21.0000
000043,000043,01,Kg,,MORTADELA BOLOGNA LARIO,,000001,-14516.4980,0.0000,0.0000,0.0000,755.0000,792.7500,717.2500,,1,11/11/92 17:32:53,0,0,21.0000
000044,000044,01,Kg,,MORTADELA 66,,000001,-110.2400,0.0000,0.0000,0.0000,19.8000,20.7900,18.8100,,2,12/12/12 00:29:46,0,0,21.0000
000045,000045,01,Uni,,SALCHICHAS X 6  66,,000001,-74673.0000,0.0000,0.0000,0.0000,112.7000,118.3400,107.0700,,1,11/11/92 21:36:38,0,0,21.0000
000046,000046,01,Uni,,SALCHICHAS X 6 LARIO,,000001,-40554.0000,0.0000,0.0000,0.0000,187.0000,196.3500,177.6500,,1,11/11/92 20:38:44,0,0,21.0000
000047,000047,01,Uni,,MORTADELA FLIAR  X 320 GRS,,000001,-1718.0000,0.0000,0.0000,0.0000,348.5000,365.9300,331.0800,,1,11/11/92 18:53:46,0,0,21.0000
000048,000048,01,Kg,,SALAMIN LA CASONA,,000001,-3367.0500,0.0000,0.0000,0.0000,244.0000,256.2000,231.8000,,1,11/11/92 22:06:42,0,0,21.0000
000049,000049,01,Kg,,SALAME MILAN,,000001,-5890.2100,0.0000,0.0000,0.0000,937.5000,984.3800,890.6300,,1,11/11/92 17:33:25,0,0,21.0000
000050,000050,01,Uni,,SALAMIN,,000001,-22436.0000,0.0000,0.0000,0.0000,248.0000,260.4000,235.6000,,1,11/11/92 19:08:27,0,0,21.0000
000051,000051,01,Kg,,SALAME BASTON 66,,000001,-4999.8750,0.0000,0.0000,0.0000,3899.0000,4093.9500,3704.0500,,1,11/11/92 18:59:40,0,0,21.0000
000052,000052,01,Kg,,SALAME MILAN CHESA P F,,000001,-381.4320,0.0000,0.0000,0.0000,85.5000,89.7800,81.2300,,2,10/30/15 18:33:48,0,0,21.0000
000053,000095,01,Kg,,PALETA SADWICHERA CHESA,,000001,-49.5800,0.0000,0.0000,0.0000,0.0000,0.0000,0.0000,,2,03/06/12 23:37:38,0,0,21.0000
000054,000054,01,Kg,,JAMON COCIDO CHESA,,000001,-5015.0850,0.0000,0.0000,0.0000,137.5000,144.3800,130.6300,,2,11/11/92 17:48:03,0,0,21.0000
000055,000055,01,Kg,,"PALETA SANDWICHERA  D""LORENZI",,000001,-42.1950,0.0000,0.0000,0.0000,21.6000,22.6800,20.5200,,2,11/17/11 18:27:51,0,0,21.0000
000056,000056,01,Kg,,"SALAME MILAN D""LORENZI",,000001,-27.3050,0.0000,0.0000,0.0000,37.0000,38.8500,35.1500,,2,11/17/11 18:30:18,0,0,21.0000
000057,000057,01,Kg,,GRASA DE CERDO X 500 GRS,,000001,-147.0000,0.0000,0.0000,0.0000,13.8500,14.5400,13.1600,,2,06/19/13 00:25:17,0,0,21.0000
000058,000058,01,Kg,,FIAMBRE,,000001,0.0000,0.0000,0.0000,0.0000,0.0000,0.0000,0.0000,,2,08/16/11 08:13:31,0,0,21.0000
000059,000059,01,Uni,,MAIZENA X 200 GRS,,000001,-1660.0000,0.0000,0.0000,0.0000,89.7500,94.2400,85.2600,,1,11/11/92 09:40:48,0,0,21.0000
000060,000060,01,Uni,,SAVORA X 60 GRS,,000001,-3974.0000,0.0000,0.0000,0.0000,62.0000,65.1000,58.9000,,1,11/11/92 18:09:11,0,0,21.0000
000061,000061,01,Uni,,SAVORA X 250 GRS,,000001,-685.0000,0.0000,0.0000,0.0000,68.6000,72.0300,65.1700,,1,11/11/92 18:54:39,0,0,21.0000
000062,000062,01,Uni,,MAYONESA DANICA X 100 GRS,,000001,-2539.0000,0.0000,0.0000,0.0000,6.1000,6.4100,5.8000,,2,11/11/92 10:32:46,0,0,21.0000
000063,000063,01,Uni,,MAYONESA DANICA X 250 GRS,,000001,-431.0000,0.0000,0.0000,0.0000,10.9500,11.5000,10.4000,,2,11/11/92 10:32:08,0,0,21.0000
000064,000064,01,Uni,,MAYONESA HELLMANS X 125 GRS,,000001,-3549.0000,0.0000,0.0000,0.0000,9.3500,9.8200,8.8800,,2,11/11/92 00:35:58,0,0,21.0000
000065,000065,01,Uni,,MAYONESA HELLMANS X 250 GRS,,000001,-1132.0000,0.0000,0.0000,0.0000,18.2500,19.1600,17.3400,,2,11/11/92 22:49:43,0,0,21.0000
000066,000066,01,Uni,,MAYONESA NATURA X 250 GRS,,000001,-8718.0000,0.0000,0.0000,0.0000,265.0000,278.2500,251.7500,,1,11/11/92 01:09:38,0,0,21.0000
000067,000067,01,Uni,,MAYONESA NATURA X 125 GRS,,000001,-17258.0000,0.0000,0.0000,0.0000,136.5000,143.3300,129.6800,,1,11/11/92 20:49:21,0,0,21.0000
000068,000068,01,Uni,,ACEITUNA X 100 GRS,,000001,-2875.0000,0.0000,0.0000,0.0000,99.8500,104.8400,94.8600,,1,11/11/92 20:03:07,0,0,21.0000
000069,000069,01,Uni,,LEVADURA LEVEX X 2,,000001,-8127.0000,0.0000,0.0000,0.0000,78.5000,82.4300,74.5800,,1,11/11/92 01:12:13,0,0,21.0000
000070,000070,01,Uni,,MERMELADA X 500 GRS,,000001,-1940.0000,0.0000,0.0000,0.0000,44.8000,47.0400,42.5600,,2,11/11/92 19:58:07,0,0,21.0000
000071,000071,01,Uni,,DULCE DE MEMBRILLO X 500 GRS,,000001,-2092.0000,0.0000,0.0000,0.0000,221.0000,232.0500,209.9500,,1,11/11/92 18:34:12,0,0,21.0000
000072,000072,01,Uni,,DULCE DE BATATA  X 5 KG,,000001,-103.0000,0.0000,0.0000,0.0000,83.5000,87.6800,79.3300,,2,07/31/15 18:37:32,0,0,21.0000
000073,000073,01,Uni,,MIEL X 250 GRS,,000001,-2247.0000,0.0000,0.0000,0.0000,117.0000,122.8500,111.1500,,1,11/11/92 18:36:24,0,0,21.0000
000074,000074,01,Uni,,MIEL X 500 GRS,,000001,-694.0000,0.0000,0.0000,0.0000,188.5000,197.9300,179.0800,,1,11/11/92 18:37:40,0,0,21.0000
000075,000075,01,Uni,,POLENTA COMUN X 1 KG PORAMBA,,000001,-78.0000,0.0000,0.0000,0.0000,2.5000,2.6250,2.3750,,2,08/16/11 08:24:06,0,0,21.0000
000076,000076,01,Uni,,MAIZ PISADO colorado X 1 KG LOPANI,,000001,-1617.0000,0.0000,0.0000,0.0000,165.0000,173.2500,156.7500,,1,11/11/92 00:04:23,0,0,21.0000
000077,000077,01,Uni,,HARINA DE MAIZ AMARiLLO X 800 GRS,,000001,-1142.0000,0.0000,0.0000,0.0000,96.8500,101.6900,92.0100,,1,11/12/92 01:21:06,0,0,21.0000
000078,000078,01,Uni,,MAIZ PISSINGALLO X 400 GRS,,000001,-4056.0000,0.0000,0.0000,0.0000,79.5000,83.4800,75.5300,,1,11/11/92 18:50:57,0,0,21.0000
000079,000079,01,Uni,,LENTEJA X 400 GRS,,000001,-474.0000,0.0000,0.0000,0.0000,165.0000,173.2500,156.7500,,1,11/11/92 01:21:09,0,0,21.0000
000080,000080,01,Uni,,PRESTOPRONTA X 500 GRS,,000001,-209.0000,0.0000,0.0000,0.0000,5.2800,5.5440,5.0160,,2,05/30/12 00:32:32,0,0,21.0000
000081,000081,01,Uni,,CACAO ARCOA X 180 GRS,,000001,-396.0000,0.0000,0.0000,0.0000,15.6000,16.3800,14.8200,,2,11/11/92 18:55:27,0,0,21.0000
000082,000082,01,Uni,,PICADILLO SAFRA,,000001,-2660.0000,0.0000,0.0000,0.0000,28.3500,29.7700,26.9300,,1,11/11/92 22:25:03,0,0,21.0000
000083,000083,01,Uni,,ATUN CUMANA X 170 GRS,,000001,-3.0000,0.0000,0.0000,0.0000,3.8500,4.0425,3.6575,,2,08/16/11 08:25:37,0,0,21.0000
000084,000084,01,Uni,,SARDINA PENNISI X 125,,000001,-163.0000,0.0000,0.0000,0.0000,27.0000,28.3500,25.6500,,2,11/11/92 23:39:08,0,0,21.0000
000085,000085,01,Uni,,ARVEJA REMOJADAS x 340 g,,000001,-3593.0000,0.0000,0.0000,0.0000,57.5000,60.3800,54.6300,,1,11/11/92 11:22:17,0,0,21.0000
000086,000086,01,Uni,,PURE DE TOMATE X 530 G,,000001,-1529.0000,0.0000,0.0000,0.0000,114.8500,120.5900,109.1100,,1,11/11/92 20:07:07,0,0,21.0000
000087,000087,01,Uni,,GALLETITAS 9 DE ORO AGRIDULCE X 200 GRS,,000001,-793.0000,0.0000,0.0000,0.0000,38.9000,40.8500,36.9600,,1,11/11/92 18:36:18,0,0,21.0000
000088,000088,01,Uni,,GALLETITAS MATERO X 180 GRS,,000001,-309.0000,0.0000,0.0000,0.0000,32.7000,34.3400,31.0700,,1,11/11/92 21:49:16,0,0,21.0000
000089,000089,01,Uni,,FLAN SOBRE X 100 GRS KEKSY,,000001,-8.0000,0.0000,0.0000,0.0000,1.5500,1.6275,1.4725,,2,08/16/11 08:26:57,0,0,21.0000
000090,000090,01,Uni,,POSTRE SOBRE X 120 GRS KEKSY,,000001,-12.0000,0.0000,0.0000,0.0000,1.8500,1.9425,1.7575,,2,10/08/11 08:25:21,0,0,21.0000
000091,000091,01,Uni,,HELADO SOBRE X 100 GRS KEKSY,,000001,-5.0000,0.0000,0.0000,0.0000,2.6500,2.7825,2.5175,,2,08/16/11 08:27:22,0,0,21.0000
000092,000092,01,Uni,,GELATINA SOBRE X 100 GRS KEKSY,,000001,-24.0000,0.0000,0.0000,0.0000,3.1000,3.2550,2.9450,,2,10/03/11 18:14:45,0,0,21.0000
000093,000093,01,Uni,,CALDO X 6 WILDE,,000001,-896.0000,0.0000,0.0000,0.0000,5.2500,5.5125,5.0000,,2,05/20/13 17:28:34,0,0,21.0000
000094,000094,01,Uni,,DULCE DE BATATA  X 500 GRS,,000001,-2746.0000,0.0000,0.0000,0.0000,221.0000,232.0500,209.9500,,1,11/11/92 18:33:28,0,0,21.0000
000095,000097,01,Uni,,RALLADO LA BLANQUITA X 40 GRS,,000001,-3702.0000,0.0000,0.0000,0.0000,4.2500,4.4600,4.0400,,2,07/07/14 17:23:34,0,0,21.0000
000096,000096,01,Uni,,DULCE DE BATATA CON CHOCOLATE X 500 GRS,,000001,-867.0000,0.0000,0.0000,0.0000,74.8500,78.5900,71.1100,,2,11/11/92 02:23:09,0,0,21.0000
000097,00097,01,Uni,00097,DULCE DE MEMBRILLO X 5 KG,,000001,-64.0000,0.0000,38.0000,0.0000,96.8000,101.6400,91.9600,,2,08/20/15 18:58:37,0,0,21.0000
000098,000098,01,Kg,,MORTADELA DE LORENZI,,000001,-16.6000,0.0000,0.0000,0.0000,21.9000,22.9950,20.8050,,2,10/08/11 09:23:46,0,0,21.0000
000099,000099,01,Uni,,YOGUR X 1 Kg DESCREMADO,,000001,-758.0000,0.0000,0.0000,0.0000,13.7500,14.4400,13.0600,,2,12/01/14 17:15:40,0,0,21.0000
000100,000100,01,Uni,,GALLETITAS PEPAS X 200 Grs,,000001,-51.0000,0.0000,0.0000,0.0000,2.8500,2.9925,2.7075,,2,08/31/11 07:52:18,0,0,21.0000
000101,000101,01,Uni,,PROVENZAL ALICANTE X 25 Grs,,000001,-114.0000,0.0000,0.0000,0.0000,20.7500,21.7900,19.7100,,2,11/11/92 18:54:56,0,0,21.0000
000102,000102,01,Uni,,OREGANO ALICANTE X 25 Grs,,000001,-79.0000,0.0000,0.0000,0.0000,23.7000,24.8900,22.5200,,2,11/11/92 18:54:39,0,0,21.0000
000103,000103,01,Kg,,RICOTA,,000001,-63.6600,0.0000,0.0000,0.0000,24.8500,26.0900,23.6100,,2,06/12/13 09:53:05,0,0,21.0000
000104,000104,01,Uni,,TE BOLDO LA VIRGINA,,000001,-70.0000,0.0000,0.0000,0.0000,29.0000,30.4500,27.5500,,2,11/11/92 20:26:33,0,0,21.0000
000105,000105,01,Uni,,TE MANZANILLA C/ ANIS LA VIRGINIA,,000001,-109.0000,0.0000,0.0000,0.0000,24.2000,25.4100,22.9900,,2,11/11/92 20:10:20,0,0,21.0000
000106,000106,01,Uni,,TE MEZCLA DE HIERBAS NATURALES,,000001,-12.0000,0.0000,0.0000,0.0000,28.5000,29.9300,27.0800,,2,11/11/92 18:00:52,0,0,21.0000
000107,000107,01,Uni,,ACEITUNA DESCAROZADA X 200 GRS,,000001,-1526.0000,0.0000,0.0000,0.0000,172.0000,180.6000,163.4000,,1,11/11/92 18:24:03,0,0,21.0000
000108,000108,01,Uni,,MAYONESA NATURA X 500 GRS,,000001,-1622.0000,0.0000,0.0000,0.0000,298.7000,313.6400,283.7700,,1,11/11/92 01:22:29,0,0,21.0000
000109,000109,01,Uni,,ALMIDON DE MAIZ GLUTAL X 200 Grs,,000001,-217.0000,0.0000,0.0000,0.0000,5.8000,6.0900,5.5100,,2,12/01/14 17:24:54,0,0,21.0000
000110,000110,01,Uni,,AZUCAR IMPALPABLE X200G,,000001,-730.0000,0.0000,0.0000,0.0000,75.0000,78.7500,71.2500,,1,11/11/92 22:33:30,0,0,21.0000
000111,000111,01,Uni,,BICARBONATO X 25 Grs,,000001,-666.0000,0.0000,0.0000,0.0000,18.9000,19.8500,17.9600,,1,11/11/92 19:52:57,0,0,21.0000
000112,000112,01,Kg,,PALETA DE CERDO DE LORENZI,,000001,-25.8700,0.0000,0.0000,0.0000,27.9000,29.2950,26.5050,,2,01/23/12 17:50:06,0,0,21.0000
000113,000113,01,Uni,,MAYONESA NATURA X 350 FRASCO,,000001,-24.0000,0.0000,0.0000,0.0000,14.1000,14.8100,13.4000,,2,01/28/15 15:30:54,0,0,21.0000
000114,000114,01,Uni,,MAYONESA MAYODAN X 2.900,,000001,-289.0000,0.0000,0.0000,0.0000,85.0000,89.2500,80.7500,,2,11/11/92 22:43:20,0,0,21.0000
000115,000115,01,Uni,,QUESO UNTABLE ILOLAY CREM X 300 Grs,,000001,-34.0000,0.0000,0.0000,0.0000,6.8000,7.1400,6.4600,,2,11/17/11 18:21:37,0,0,21.0000
000116,000116,01,Uni,,VAINILLA . EXTRACTO DE. 28 CC,,000001,-119.0000,0.0000,0.0000,0.0000,5.9000,6.2000,5.6100,,1,09/23/15 09:33:58,0,0,21.0000
000117,000117,01,Uni,,QUESO POR SALUD LIGHT X 400 Grs,,000001,-4.0000,0.0000,0.0000,0.0000,18.8000,19.7400,17.8600,,2,10/17/11 17:27:57,0,0,21.0000
000118,000118,01,Uni,,MAYONESA DANICA X 500 Grs,,000001,-4.0000,0.0000,0.0000,0.0000,4.3500,4.5675,4.1325,,2,11/01/11 22:50:15,0,0,21.0000
000119,000119,01,Kg,,DULCE DE LECHE ILOLAY X 10 KG,,000001,-62.0000,0.0000,0.0000,0.0000,14.0000,14.7000,13.3000,,2,04/10/12 21:20:03,0,0,21.0000
000120,119,01,Uni,,PIMENTON ITAL X 25 GS.,,000001,-223.0000,0.0000,0.0000,0.0000,3.2000,3.3600,3.0400,,2,10/23/14 18:38:06,0,0,21.0000
000121,000121,01,Kg,,QUESO PATEGRAS ILOLAY,,000001,-1032.0550,0.0000,0.0000,0.0000,270.0000,283.5000,256.5000,,1,11/11/92 18:02:08,0,0,21.0000
000122,000122,01,Uni,,SALCHICHA VIENISSIMA X 6,,000001,-9.0000,0.0000,0.0000,0.0000,7.0000,7.3500,6.6500,,2,11/25/11 18:00:39,0,0,21.0000
000123,000123,01,Uni,,POLENTA LOPANI X 1KG,,000001,-2740.0000,0.0000,0.0000,0.0000,145.6000,152.8800,138.3200,,1,11/11/92 22:35:25,0,0,21.0000
000124,000124,01,Kg,,QUESO BARRA C.M.C,,000001,-109.1000,0.0000,0.0000,0.0000,37.2000,39.0600,35.3400,,2,04/24/12 23:53:48,0,0,21.0000
000125,000125,01,Uni,,ACEITUNA X 8 KG,,000001,-39.0000,0.0000,0.0000,0.0000,277.0000,290.8500,263.1500,,2,11/11/92 17:13:08,0,0,21.0000
000126,000126,01,Kg,,QUESO CREMOSO SAN ALBERTO,,000001,-51.2700,0.0000,0.0000,0.0000,21.5000,22.5750,20.4250,,2,02/03/12 18:05:30,0,0,21.0000
000127,000127,01,Uni,,MAIZENA X 500 GRS,,000001,-42.0000,0.0000,0.0000,0.0000,15.6000,16.3800,14.8200,,2,12/20/13 19:39:29,0,0,21.0000
000128,000128,01,Uni,,KETCHUP DANICA X 250 GRS,,000001,-8.0000,0.0000,0.0000,0.0000,4.3000,4.5150,4.0850,,2,12/21/11 00:49:44,0,0,21.0000
000129,000129,01,Uni,,TE ROSAMONTE X 25 GRS,,000001,-108.0000,0.0000,0.0000,0.0000,6.9000,7.2500,6.5600,,2,06/08/15 18:31:19,0,0,21.0000
000130,000130,01,Kg,,PALETA DE CERDO COCIDA CHESA,,000001,-14802.4300,0.0000,0.0000,0.0000,156.5000,164.3300,148.6800,,2,11/11/92 00:51:13,0,0,21.0000
000131,000131,01,Uni,,ATUN X 170 Grs,,000001,-651.0000,0.0000,0.0000,0.0000,71.8500,75.4400,68.2600,,1,11/11/92 21:34:00,0,0,21.0000
000132,000132,01,Uni,,KETCHUP HELLMANS X 400 Grs PICANTE,,000001,-17.0000,0.0000,0.0000,0.0000,16.9000,17.7500,16.0600,,2,09/17/13 23:34:26,0,0,21.0000
000133,000133,01,Uni,,YOGUR C/ FRUTOS ROJOS X 160 Grs,,000001,-7.0000,0.0000,0.0000,0.0000,3.2500,3.4125,3.0875,,2,02/03/12 18:03:23,0,0,21.0000
000134,000134,01,Uni,,YOGUR C/ TOP FRUTOS ROJOS X 200 Grs,,000001,-23.0000,0.0000,0.0000,0.0000,3.5000,3.6750,3.3250,,2,02/10/12 17:55:15,0,0,21.0000
000135,000135,01,Uni,,DULCE DE LECHE GRANJA DE ORO X 250 GRS,,000001,-3.0000,0.0000,0.0000,0.0000,3.6000,3.7800,3.4200,,2,02/28/12 23:25:04,0,0,21.0000
000136,000136,01,Uni,,LECHE DES. C/HIERRO ILOLAY X 1 LT,,000001,-1067.0000,0.0000,0.0000,0.0000,12.9500,13.6000,12.3000,,2,04/20/15 17:33:39,0,0,21.0000
000137,000137,01,Uni,,CREMA DE LECHE ILOLAY X 350 CC,,000001,-66.0000,0.0000,0.0000,0.0000,9.8500,10.3400,9.3600,,2,03/04/13 17:53:16,0,0,21.0000
000138,000138,01,Uni,,CABALLA PENNISI X 380 Grs,,000001,-315.0000,0.0000,0.0000,0.0000,34.8000,36.5400,33.0600,,2,11/11/92 23:38:07,0,0,21.0000
000139,000139,01,Uni,,CORNED BEEF SWIFT X 340 Grs,,000001,-43.0000,0.0000,0.0000,0.0000,21.3000,22.3700,20.2400,,2,03/07/14 18:54:46,0,0,21.0000
000140,000140,01,Uni,,PASAS DE UVA X 100 Grs,,000001,-279.0000,0.0000,0.0000,0.0000,103.5000,108.6800,98.3300,,1,11/11/92 12:10:46,0,0,21.0000
000141,000141,01,Uni,,SALCHICHAS GASTRONOMICAS PATYVIENA X 8,,000001,-110.0000,0.0000,0.0000,0.0000,43.8000,45.9900,41.6100,,2,05/22/13 09:17:19,0,0,21.0000
000142,000142,01,Uni,,SAVORA X 3 K,,000001,-3.0000,0.0000,0.0000,0.0000,33.9000,35.5950,32.2050,,2,05/02/12 10:48:54,0,0,21.0000
000143,000143,01,Uni,,OREGANO ITAL,,000001,-63.0000,0.0000,0.0000,0.0000,3.7500,3.9400,3.5600,,2,05/22/14 18:51:40,0,0,21.0000
000144,000144,01,Uni,,KETCHUP HELLMANS X 3.000 Grs,,000001,-33.0000,0.0000,0.0000,0.0000,107.5000,112.8800,102.1300,,2,05/20/15 10:01:54,0,0,21.0000
000145,100080,01,Uni,,PRESTOPRONTA X 500 GRS,,000001,-668664.0000,0.0000,0.0000,0.0000,25.5000,26.7800,24.2300,,2,11/11/92 00:03:13,0,0,21.0000
000146,000146,01,Uni,,TE MANZANILLA LA VIRGINIA,,000001,-34.0000,0.0000,0.0000,0.0000,17.7000,18.5900,16.8200,,2,11/11/92 20:10:05,0,0,21.0000
000147,000147,01,Uni,,MAYONESA NATURA X 2.900,,000001,-17.0000,0.0000,0.0000,0.0000,86.0000,90.3000,81.7000,,2,02/03/15 23:38:12,0,0,21.0000
000148,000148,01,Uni,,CHIMICHURRI X 25 Grs,,000001,0.0000,0.0000,0.0000,0.0000,3.3500,3.5200,3.1800,,2,02/21/13 18:55:30,0,0,21.0000
000149,000149,01,Uni,,TE DE TILO LA VIRGINIA,,000001,-10.0000,0.0000,0.0000,0.0000,15.4000,16.1700,14.6300,,2,08/12/13 17:39:05,0,0,21.0000
000150,000150,01,Uni,,PROVENZAL ITAL,,000001,-32.0000,0.0000,0.0000,0.0000,4.5000,4.7300,4.2800,,2,07/22/14 23:03:53,0,0,21.0000
000151,000151,01,Uni,,PIMENTON ALICANTE,,000001,-51.0000,0.0000,0.0000,0.0000,12.6500,13.2800,12.0200,,2,11/11/92 19:15:27,0,0,21.0000
000152,000152,01,Uni,,KETCHUP DANICA X 250 Grs,,000001,-773.0000,0.0000,0.0000,0.0000,144.5000,151.7300,137.2800,,1,11/11/92 11:21:10,0,0,21.0000
000153,000153,01,Uni,,MAYONESA DANICA X 500 GRS,,000001,-166.0000,0.0000,0.0000,0.0000,24.6000,25.8300,23.3700,,2,11/11/92 01:10:41,0,0,21.0000
000154,000154,01,Uni,,ANIS EN GRANO,,000001,-40.0000,0.0000,0.0000,0.0000,9.0000,9.4500,8.5500,,2,11/11/92 18:14:16,0,0,21.0000
000155,000155,01,Uni,,NUEZ MOSCADA MOLIDA,,000001,-4.0000,0.0000,0.0000,0.0000,8.8500,9.2900,8.4100,,2,09/06/12 18:06:26,0,0,21.0000
000156,000156,01,Kg,,QUESO CREMOSO NOAL,,000001,-51.8000,0.0000,0.0000,0.0000,44.8500,47.0900,42.6100,,2,09/23/13 17:51:39,0,0,21.0000
000157,000157,01,Uni,,ACEITUNA RELLENAS,,000001,-294.0000,0.0000,0.0000,0.0000,145.8000,153.0900,138.5100,,1,11/12/92 01:41:55,0,0,21.0000
000158,000158,01,Uni,,KETCHUP X 50 Grs,,000001,-745.0000,0.0000,0.0000,0.0000,5.2500,5.5100,4.9900,,1,11/11/92 00:24:28,0,0,21.0000
000159,000159,01,Uni,,CACAO EMETH X 180 GRS,,000001,-119.0000,0.0000,0.0000,0.0000,6.9000,7.2500,6.5600,,2,12/01/14 17:25:20,0,0,21.0000
000160,000160,01,Uni,,CHOCLO EN GRANO AMARILLO   X 330 G,,000001,-1209.0000,0.0000,0.0000,0.0000,152.0000,159.6000,144.4000,,1,11/11/92 00:47:02,0,0,21.0000
000161,000161,01,Kg,,PALETA SANDWICHERA LARIO,,000001,-73.6000,0.0000,0.0000,0.0000,91.0000,95.5500,86.4500,,2,11/11/92 01:08:38,0,0,21.0000
000162,000162,01,Uni,,YOGUR X 160 Grs C/ FRUTAS,,000001,-287.0000,0.0000,0.0000,0.0000,5.9000,6.2000,5.6100,,2,03/13/14 17:16:54,0,0,21.0000
000163,000163,01,Kg,,BONDIOLA LARIO,,000001,-13.6350,0.0000,0.0000,0.0000,326.4300,342.7500,310.1100,,2,11/11/92 22:08:29,0,0,21.0000
000164,000164,01,Kg,,QUESO HOLANDA ENTRERIANO,,000001,-4.9400,0.0000,0.0000,0.0000,84.0000,88.2000,79.8000,,2,05/05/15 22:48:01,0,0,21.0000
000165,000165,01,Kg,,QUESO CREMOSO DON SOLANO,,000001,-3.5650,0.0000,0.0000,0.0000,24.5000,25.7300,23.2800,,2,11/05/12 18:43:38,0,0,21.0000
000166,000166,01,Kg,,QUESO CREMOSO EL GASTON,,000001,-747.5450,0.0000,0.0000,0.0000,67.5000,70.8800,64.1300,,2,05/19/15 23:25:43,0,0,21.0000
000167,000167,01,Uni,,PIMIENTA ITAL,,000001,-48.0000,0.0000,0.0000,0.0000,3.2500,3.4100,3.0900,,2,11/12/12 18:50:07,0,0,21.0000
000168,000168,01,Uni,,DULCE DE MEMBRILLO DOÃ‘A PUPA X 500 GRS,,000001,-14.0000,0.0000,0.0000,0.0000,6.2500,6.5600,5.9400,,2,11/14/12 00:08:39,0,0,21.0000
000169,000169,01,Kg,,QUESO BARRA RECORD,,000001,-268.3000,0.0000,0.0000,0.0000,79.0000,82.9500,75.0500,,2,11/11/92 10:24:34,0,0,21.0000
000170,000170,01,Uni,,CONDI. PIZZA ALICANTE,,000001,-16.0000,0.0000,0.0000,0.0000,27.5000,28.8800,26.1300,,2,11/11/92 20:19:52,0,0,21.0000
000171,000171,01,Uni,,CONDI. ARROZ  ALICANTE,,000001,-52.0000,0.0000,0.0000,0.0000,11.7500,12.3400,11.1600,,2,11/11/92 19:15:41,0,0,21.0000
000172,000172,01,Uni,,TOMATE TRITURADO EN LATA X 8 K CAYFAR,,000001,-22.0000,0.0000,0.0000,0.0000,106.5000,111.8300,101.1800,,2,09/17/14 09:50:51,0,0,21.0000
000173,000173,01,Uni,,PEREJI ITAL X 25 Grs,,000001,-28.0000,0.0000,0.0000,0.0000,4.6500,4.8800,4.4200,,2,05/22/14 18:52:39,0,0,21.0000
000174,000174,01,Kg,,QUESO FONTINITA ARGENTINA,,000001,-1.9500,0.0000,0.0000,0.0000,62.9000,66.0500,59.7600,,2,01/15/13 23:33:52,0,0,21.0000
000175,000175,01,Kg,,PALETA FOX,,000001,-29.6550,0.0000,0.0000,0.0000,31.5000,33.0800,29.9300,,2,08/07/13 09:47:50,0,0,21.0000
000176,000176,01,Kg,,QUESO MOOZZARELLA LA LECHERITA,,000001,-13.3200,0.0000,0.0000,0.0000,44.9000,47.1500,42.6600,,2,02/06/13 00:42:30,0,0,21.0000
000177,000177,01,Uni,,PIMIENTA NEGRA MOLIDA LA VIRGINIA,,000001,-21.0000,0.0000,0.0000,0.0000,17.5500,18.4300,16.6700,,2,11/11/92 18:42:34,0,0,21.0000
000178,000178,01,Kg,,QUESO MOZZARELLA ILOLAY,,000001,-1054.4900,0.0000,0.0000,0.0000,298.8000,313.7400,283.8600,,1,11/11/92 19:12:32,0,0,21.0000
000179,000179,01,Uni,,SARDINA PENNISI X 160,,000001,-95.0000,0.0000,0.0000,0.0000,23.6500,24.8300,22.4700,,2,11/11/92 18:15:29,0,0,21.0000
000180,000180,01,Uni,,MANTECA ELOGIO X 100 GRS,,000001,-183.0000,0.0000,0.0000,0.0000,4.5000,4.7300,4.2800,,2,04/01/13 18:05:13,0,0,21.0000
000181,000181,01,Uni,,MAIZ PISADO BLANCO X 500 Grs,,000001,-117.0000,0.0000,0.0000,0.0000,11.5000,12.0800,10.9300,,2,11/11/92 18:21:50,0,0,21.0000
000182,000182,01,Kg,,QUESO BARRA SPALEN,,000001,-18.6100,0.0000,0.0000,0.0000,38.7500,40.6900,36.8100,,2,03/22/13 18:16:43,0,0,21.0000
000183,000183,01,Uni,,CAFE LA VIRGINIA X 125,,000001,-2.0000,0.0000,0.0000,0.0000,7.4800,7.8500,7.1100,,2,03/28/13 09:52:05,0,0,21.0000
000184,000184,01,Uni,,CONDI. PIZZA ITAL,,000001,-18.0000,0.0000,0.0000,0.0000,3.2000,3.3600,3.0476,,2,04/01/13 19:41:29,0,0,21.0000
000185,000185,01,Uni,,MANTECA TONADITA X 100 GRS,,000001,-240.0000,0.0000,0.0000,0.0000,5.0000,5.2500,4.7500,,2,08/15/13 17:54:25,0,0,21.0000
000186,000186,01,Uni,,CHOCLO CREMOSO  X 350 G,,000001,-936.0000,0.0000,0.0000,0.0000,78.7500,82.6900,74.8100,,1,11/11/92 17:18:12,0,0,21.0000
000187,000187,01,Kg,,DULCE DE LECHE REPOSTERO X 10 KG,,000001,-680.0000,0.0000,0.0000,0.0000,179.2500,188.2100,170.2900,,2,11/11/92 22:01:42,0,0,21.0000
000188,000188,01,Uni,,POLENTA RAPIDA X 500 Grs LOPANI,,000001,-263.0000,0.0000,0.0000,0.0000,4.9000,5.1500,4.6600,,2,11/11/92 20:21:36,0,0,21.0000
000189,000189,01,Uni,,POROTO MANTECA,,000001,-3.0000,0.0000,0.0000,0.0000,10.2500,10.7600,9.7400,,2,06/26/13 00:40:58,0,0,21.0000
000190,000190,01,Uni,,CREMA DE LECHE ILOLAY X 200 CC,,000001,-121.0000,0.0000,0.0000,0.0000,5.8500,6.1400,5.5600,,2,08/29/13 17:54:52,0,0,21.0000
000191,000191,01,Uni,,AJI MOLIDO LA VIRGINIA,,000001,-11.0000,0.0000,0.0000,0.0000,6.2500,6.5600,5.9400,,2,11/11/92 18:52:05,0,0,21.0000
000192,000192,01,Uni,,MANTECA RAMOLAC X 100 GRS,,000001,-198.0000,0.0000,0.0000,0.0000,7.7500,8.1400,7.3600,,2,03/12/14 10:05:38,0,0,21.0000
000193,000193,01,Uni,,DURAZNO EN MITAD X 820 Grs,,000001,-354.0000,0.0000,0.0000,0.0000,289.0000,303.4500,274.5500,,1,11/11/92 18:40:23,0,0,21.0000
000194,000194,01,Uni,,SAL FINA CULMINANTE,,000001,-184.0000,0.0000,0.0000,0.0000,3.2000,3.3600,3.0400,,2,11/11/92 00:28:36,0,0,21.0000
000195,000195,01,Uni,,CACAO ITAL X 180 Grs,,000001,-25.0000,0.0000,0.0000,0.0000,3.6000,3.7800,3.4200,,2,12/05/13 19:11:15,0,0,21.0000
000196,000196,01,Uni,,CREMA DE LECHE ILOLAY X 200 CC,,000001,-73.0000,0.0000,0.0000,0.0000,7.9000,8.3000,7.5100,,2,12/05/13 19:09:45,0,0,21.0000
000197,000197,01,Uni,,MANI SALADO X 1K,,000001,-29.0000,0.0000,0.0000,0.0000,45.0000,47.2500,42.7500,,2,08/26/15 09:43:35,0,0,21.0000
000198,000198,01,Uni,,MANI TOSTADO X 1K,,000001,-2.0000,0.0000,0.0000,0.0000,52.0000,54.6000,49.4000,,2,11/11/92 00:24:51,0,0,21.0000
000199,000199,01,Uni,,KETCHUP NATURA X 250 Grs,,000001,-2.0000,0.0000,0.0000,0.0000,7.5000,7.8800,7.1300,,2,12/20/13 19:36:50,0,0,21.0000
000200,000200,01,Uni,,TOMATE TRITURADO EN LATA X 8 K LA BANDA,,000001,-1.0000,0.0000,0.0000,0.0000,85.0000,89.2500,80.7500,,2,03/14/14 22:09:03,0,0,21.0000
000201,000200,01,Uni,,TOMATE TRITURADO EN LATA LADOMI X 8 K,,000001,-17.0000,0.0000,0.0000,0.0000,165.0000,173.2500,156.7500,,2,11/11/92 22:58:35,0,0,21.0000
000202,000202,01,Uni,,SAL GRUESA CULMINANTE,,000001,-57.0000,0.0000,0.0000,0.0000,4.9000,5.1500,4.6600,,2,11/11/92 20:40:00,0,0,21.0000
000203,000203,01,Uni,,LECHE C/FIBRA ILOLAY X 1 LT,,000001,-13.0000,0.0000,0.0000,0.0000,12.6000,13.2300,11.9700,,2,08/22/14 17:09:05,0,0,21.0000
000204,000204,01,Uni,,SALCHICHON PRIMAVERA LARIO,,000001,-14.0000,0.0000,0.0000,0.0000,36.0000,37.8000,34.2000,,2,01/29/14 15:18:01,0,0,21.0000
000205,000205,01,Uni,,DULCE DE BATATA C/ CHOCOLATE X 5 KG,,000001,-7.0000,0.0000,0.0000,0.0000,82.7000,86.8400,78.5700,,2,07/07/14 17:17:06,0,0,21.0000
000206,000206,01,Uni,,DULCE DE BATATA X500 G - ORIETA,,000001,-25.0000,0.0000,0.0000,0.0000,14.9000,15.6500,14.1600,,2,06/17/14 23:28:49,0,0,21.0000
000207,000207,01,Kg,,QUESO PORT SALUD,,000001,-30.3000,0.0000,0.0000,0.0000,79.4500,83.4200,75.4800,,1,09/11/14 18:38:13,0,0,21.0000
000208,000208,01,Uni,,QUESO UNTABLE ILOLAY X 190 GRS,,000001,0.0000,0.0000,0.0000,0.0000,0.0000,0.0000,0.0000,,2,04/21/14 17:07:40,0,0,21.0000
000209,000209,01,Uni,,TE LA VIRGINIA X25,,000001,-8.0000,0.0000,0.0000,0.0000,7.7000,8.0900,7.3200,,2,05/05/14 17:10:00,0,0,21.0000
000210,000210,01,Uni,,PIMIENTA ALICANTE,,000001,-9.0000,0.0000,0.0000,0.0000,18.5000,19.4300,17.5800,,2,11/11/92 18:57:05,0,0,21.0000
000211,000211,01,Uni,,DULCE DE BATATA C/ CHOCOLATE X 5 KG,,000001,0.0000,0.0000,0.0000,0.0000,82.7000,86.8400,78.5700,,2,07/07/14 17:16:39,0,0,21.0000
000212,000212,01,Uni,,"KETCHUP ""HOT"" PICANTE",,000001,-13.0000,0.0000,0.0000,0.0000,10.5000,11.0300,9.9800,,2,05/13/15 09:35:23,0,0,21.0000
000213,000213,01,Uni,,PURE DE PAPA MAGGI X125,,000001,-644.0000,0.0000,0.0000,0.0000,50.9000,53.4500,48.3600,,2,11/11/92 18:38:05,0,0,21.0000
000214,000214,01,Uni,,CACAO NESQUIK X180,,000001,-15.0000,0.0000,0.0000,0.0000,11.9500,12.5500,11.3500,,2,12/01/14 17:25:34,0,0,21.0000
000215,000215,01,Kg,,SALAME BASTON LARIO,,000001,-80.5150,0.0000,0.0000,0.0000,472.0000,495.6000,448.4000,,2,11/11/92 18:49:13,0,0,21.0000
000216,000216,01,Uni,,CALDO x 6 MAGGI,,000001,-305.0000,0.0000,0.0000,0.0000,8.7000,9.1400,8.2700,,2,11/11/92 01:14:48,0,0,21.0000
000217,000217,01,Uni,,CALDO MAGGI 2 x 24,,000001,-6818.0000,0.0000,0.0000,0.0000,12.0000,12.6000,11.4000,,2,11/11/92 18:34:35,0,0,21.0000
000218,000218,01,Uni,,LECHE C/CALCIO,,000001,-9.0000,0.0000,0.0000,0.0000,12.6000,13.2300,11.9700,,2,08/22/14 17:08:48,0,0,21.0000
000219,000219,01,Uni,,VINAGRE VINO x 1L,,000001,-18.0000,0.0000,0.0000,0.0000,15.4500,16.2200,14.6800,,2,11/11/92 17:28:30,0,0,21.0000
000220,000220,01,Uni,,VINAGRE VINO x 440,,000001,-26.0000,0.0000,0.0000,0.0000,12.5000,13.1300,11.8800,,2,11/11/92 17:29:01,0,0,21.0000
000221,000221,01,Uni,,MATE COCIDO x 50,,000001,-3.0000,0.0000,0.0000,0.0000,21.6000,22.6800,20.5200,,2,06/08/15 18:30:22,0,0,21.0000
000222,000222,01,Kg,,QUESO MOZZARELLA LA ESTANCIA,,000001,-33.9700,0.0000,0.0000,0.0000,63.0000,66.1500,59.8500,,2,03/12/15 17:05:54,0,0,21.0000
000223,000223,01,Kg,,QUESO BARRA DELICIA,,000001,-4236.5500,0.0000,0.0000,0.0000,148.0000,155.4000,140.6000,,2,11/11/92 20:00:31,0,0,21.0000
000224,000224,01,Kg,,QUESO CREMOSO LA ESTANCIA,,000001,-2914.8250,0.0000,0.0000,0.0000,98.0000,102.9000,93.1000,,2,11/11/92 18:40:40,0,0,21.0000
000225,000225,01,Kg,,QUESO SARDO LA ESTANCIA,,000001,-1.1600,0.0000,0.0000,0.0000,68.3800,71.8000,64.9600,,2,12/18/14 17:47:26,0,0,21.0000
000226,000226,01,Kg,,QUESO RALLADO NOGOLAC x 30g,,000001,-3265.0000,0.0000,0.0000,0.0000,49.4000,51.8700,46.9300,,1,11/11/92 20:41:17,0,0,21.0000
000227,000227,01,Uni,,PAN DULCE VALENTE x 500g,,000001,-6.0000,0.0000,0.0000,0.0000,33.5000,35.1800,31.8300,,2,01/05/15 19:02:28,0,0,21.0000
000228,000228,01,Uni,,VINAGRA DE ALCOHOL x 1L,,000001,-18.0000,0.0000,0.0000,0.0000,13.4000,14.0700,12.7300,,2,11/11/92 00:36:02,0,0,21.0000
000229,000229,01,Uni,,VINAGRE DE ALCOHOL x 440,,000001,-40.0000,0.0000,0.0000,0.0000,11.4500,12.0200,10.8800,,2,11/11/92 00:35:51,0,0,21.0000
000230,000230,01,Uni,,MOSTAZA x 60g,,000001,-6.0000,0.0000,0.0000,0.0000,3.8500,4.0400,3.6600,,2,03/05/15 18:49:36,0,0,21.0000
000231,000231,01,Uni,,SALSA GOLF x 250,,000001,-4.0000,0.0000,0.0000,0.0000,12.5500,13.1800,11.9200,,2,08/26/15 09:49:51,0,0,21.0000
000232,000232,01,Uni,,MAYONESA NATURA x 1 Kg,,000001,-35.0000,0.0000,0.0000,0.0000,9999.0000,10498.9500,9499.0500,,1,11/11/92 01:37:45,0,0,21.0000
000233,000233,01,Uni,,CANELA x 25g,,000001,-6.0000,0.0000,0.0000,0.0000,11.5000,12.0800,10.9300,,2,11/11/92 18:14:37,0,0,21.0000
000234,000234,01,Uni,,KETCHUP DANICA x 2.900,,000001,-2.0000,0.0000,0.0000,0.0000,85.0000,89.2500,80.7500,,2,08/26/15 09:47:22,0,0,21.0000
000235,000235,01,Uni,,CREMA DE LECHE X 200,,000001,-1706.0000,0.0000,0.0000,0.0000,27.3500,28.7200,25.9800,,2,11/11/92 19:16:03,0,0,21.0000
000236,000236,01,Kg,,"JAMON COCIDO LAS 4 ""B""",,000001,-7.7150,0.0000,0.0000,0.0000,69.8000,73.2900,66.3100,,2,11/11/92 20:07:48,0,0,21.0000
000237,000237,01,Kg,,"PALETA DE CERDO LAS 4 ""B""",,000001,-7.4800,0.0000,0.0000,0.0000,73.2000,76.8600,69.5400,,2,11/11/92 20:06:59,0,0,21.0000
000238,000238,01,Uni,,LENTEJA TETRA,,000001,-287.0000,0.0000,0.0000,0.0000,82.0000,86.1000,77.9000,,1,11/11/92 23:56:29,0,0,21.0000
000239,000239,01,Uni,,SARDINA EMETH,,000001,-36.0000,0.0000,0.0000,0.0000,28.5000,29.9300,27.0800,,2,11/11/92 00:35:25,0,0,21.0000
000240,000240,01,Uni,,LECHE EN POLVO X 400 G,,000001,-205.0000,0.0000,0.0000,0.0000,112.3000,117.9200,106.6900,|,2,11/11/92 19:10:31,0,0,21.0000
000241,000241,01,Kg,,JAMON COCIDO LARIO,,000001,-1808.2550,0.0000,0.0000,0.0000,1394.5000,1464.2300,1324.7800,,1,11/11/92 17:38:17,0,0,21.0000
000242,000242,01,Kg,,PALETA COCIDA LARIO,,000001,-3807.6450,0.0000,0.0000,0.0000,1105.0000,1160.2500,1049.7500,,1,11/11/92 17:39:06,0,0,21.0000
000243,000243,01,Kg,,SALCHICHON LARIO,,000001,-67.8000,0.0000,0.0000,0.0000,100.7500,105.7900,95.7100,,2,11/11/92 22:08:57,0,0,21.0000
000244,000244,01,Uni,,ALMIDON RANCHITO,,000001,-89.0000,0.0000,0.0000,0.0000,46.8500,49.1900,44.5100,,2,11/11/92 09:09:53,0,0,21.0000
000245,000245,01,Uni,,GALLETITAS 9 DE ORO CLASICAS,,000001,-65.0000,0.0000,0.0000,0.0000,13.6000,14.2800,12.9200,,2,11/11/92 19:15:13,0,0,21.0000
000246,000246,01,Kg,,PALETA 66,,000001,-457.6250,0.0000,0.0000,0.0000,91.5000,96.0800,86.9300,,2,11/11/92 18:29:14,0,0,21.0000
000247,000247,01,Uni,,MIEL EN BOTELLA X1KG,,000001,-429.0000,0.0000,0.0000,0.0000,421.0000,442.0500,399.9500,,1,11/11/92 17:50:00,0,0,21.0000
000248,000248,01,Uni,,LECHE CHOCOLATADA X 1 LT C/ DULCE DE LECHE,,000001,-2.0000,0.0000,0.0000,0.0000,25.5000,26.7800,24.2300,,2,11/11/92 20:24:47,0,0,21.0000
000249,000249,01,Uni,,ACEITUNA X 200,,000001,-230.0000,0.0000,0.0000,0.0000,122.5000,128.6300,116.3800,,1,11/12/92 01:39:09,0,0,21.0000
000250,000250,01,Uni,,DULCE DE LECHE X 1K REPOSTERO,,000001,-6.0000,0.0000,0.0000,0.0000,63.0000,66.1500,59.8500,,2,11/11/92 01:12:05,0,0,21.0000
000251,000251,01,Uni,,DULCE DE LECHE X 1K,,000001,-15.0000,0.0000,0.0000,0.0000,59.0000,61.9500,56.0500,,2,11/11/92 01:12:43,0,0,21.0000
000252,000252,01,Uni,,GALLETITAS 9 DE ORO PEPAS,,000001,-67.0000,0.0000,0.0000,0.0000,18.6000,19.5300,17.6700,,2,11/11/92 00:17:11,0,0,21.0000
000253,000253,01,Uni,,PURE DE TOMATE X 210 G,,000001,-54.0000,0.0000,0.0000,0.0000,190.0000,199.5000,180.5000,,2,11/11/92 09:12:19,0,0,21.0000
000254,000254,01,Kg,,PALETA 66,,000001,-1410.7750,0.0000,0.0000,0.0000,304.0000,319.2000,288.8000,,2,11/11/92 20:09:36,0,0,21.0000
000255,000255,01,Kg,,SALAME MILAN LARIO,,000001,-31.9000,0.0000,0.0000,0.0000,9999.0000,10498.9500,9499.0500,,2,11/11/92 17:54:43,0,0,21.0000
000256,000256,01,Uni,,SALSA PIZZA MONTE NEVI X340,,000001,-7.0000,0.0000,0.0000,0.0000,13.9000,14.6000,13.2100,,2,11/11/92 18:41:08,0,0,21.0000
000257,000257,01,Uni,,PURE DE TOMATE SAVORIZADO X340,,000001,0.0000,0.0000,0.0000,0.0000,190.0000,199.5000,180.5000,,2,11/11/92 09:11:48,0,0,21.0000
000258,000258,01,Kg,,QUESO CREMOSO CREMIGAL,,000001,-924.1650,0.0000,0.0000,0.0000,151.0000,158.5500,143.4500,,2,11/11/92 18:56:16,0,0,21.0000
000259,000259,01,Uni,,SALCHICHAS X 6. LA CASONA,,000001,-648.0000,0.0000,0.0000,0.0000,21.4500,22.5200,20.3800,,2,11/11/92 20:49:34,0,0,21.0000
000260,000260,01,Kg,,QUESO BARRA NOGOLAC,,000001,-13771.0600,0.0000,0.0000,0.0000,1059.6000,1112.5800,1006.6200,,1,11/11/92 19:21:01,0,0,21.0000
000261,000261,01,Kg,,QUESO CREMOSO NOGOLAC,,000001,-4743.2010,0.0000,0.0000,0.0000,480.0000,504.0000,456.0000,,2,11/11/92 22:09:51,0,0,21.0000
000262,000262,01,Uni,,LECHE DESLACTOSADA L V ILOLAY X 1 LT,,000001,-711.0000,0.0000,0.0000,0.0000,227.0000,238.3500,215.6500,,1,11/11/92 23:30:50,0,0,21.0000
000263,000263,01,Uni,,YOGUR FIRME ENTERO 120 GRS,,000001,-242.0000,0.0000,0.0000,0.0000,19.3500,20.3200,18.3800,,2,11/11/92 19:06:39,0,0,21.0000
000264,000264,01,Uni,,CREMA DE LECHE X200,,000001,-634.0000,0.0000,0.0000,0.0000,140.0000,147.0000,133.0000,,1,11/11/92 20:00:16,0,0,21.0000
000265,000265,01,Kg,,QUESO CREMOSO ILOLAY,,000001,-54.4000,0.0000,0.0000,0.0000,498.0000,522.9000,473.1000,,1,11/12/92 23:58:03,0,0,21.0000
000266,000266,01,Kg,,QUESO CREMOSO CREMIGAL,,000001,-2027.4690,0.0000,0.0000,0.0000,875.0000,918.7500,831.2500,,1,11/11/92 21:24:54,0,0,21.0000
000267,000267,01,Uni,,COCO RLLADO,,000001,-2.0000,0.0000,0.0000,0.0000,45.0000,47.2500,42.7500,,2,11/11/92 01:22:39,0,0,21.0000
000268,000268,01,Kg,,QUESO BARRA CREMIGAL,,000001,-63.2500,0.0000,0.0000,0.0000,366.0000,384.3000,347.7000,,2,11/11/92 00:04:02,0,0,21.0000
000269,000269,01,Uni,,MANTECA  X 200 GRS,,000001,-253.0000,0.0000,0.0000,0.0000,233.5000,245.1800,221.8300,,1,11/11/92 22:33:47,0,0,21.0000
000270,000270,01,Uni,,ARROZ COPEDOCE AMARILLO 1K,,000001,-4447.0000,0.0000,0.0000,0.0000,125.0000,131.2500,118.7500,,1,11/12/92 00:10:07,0,0,21.0000
000271,000271,01,Uni,,ARROZ COPEDOCE MARRON 1K,,000001,-4103.0000,0.0000,0.0000,0.0000,100.0000,105.0000,95.0000,,1,11/12/92 00:11:31,0,0,21.0000
000272,000272,01,Uni,,GRASA 1K. INSUGA,,000001,-600.0000,0.0000,0.0000,0.0000,485.0000,509.2500,460.7500,,1,11/11/92 22:28:29,0,0,21.0000
000273,000273,01,Uni,,AZUCAR 1K,,000001,-7681.0000,0.0000,0.0000,0.0000,195.0000,204.7500,185.2500,,1,11/11/92 18:32:46,0,0,21.0000
000274,000274,01,Uni,,DULCE DE LECHE V d C X 200 GRS,,000001,-158.0000,0.0000,0.0000,0.0000,36.0000,37.8000,34.2000,,2,11/11/92 00:53:12,0,0,21.0000
000275,000275,01,Uni,,DULCE DE LECHE V d C X 400 GRS,,000001,-140.0000,0.0000,0.0000,0.0000,67.6500,71.0300,64.2700,,2,11/11/92 00:53:25,0,0,21.0000
000276,000276,01,Uni,,YOGUR BATIDO V d C X 120 GRS,,000001,-263.0000,0.0000,0.0000,0.0000,15.2000,15.9600,14.4400,,2,11/11/92 00:53:52,0,0,21.0000
000277,000277,01,Uni,,YOGUR C/CEREAL V d C,,000001,-29.0000,0.0000,0.0000,0.0000,29.0000,30.4500,27.5500,,2,11/11/92 23:36:40,0,0,21.0000
000278,000278,01,Uni,,PURE DE TOMATE X210,,000001,-144.0000,0.0000,0.0000,0.0000,57.8000,60.6900,54.9100,,1,11/11/92 00:54:52,0,0,21.0000
000279,000279,01,Kg,,QUESO CREMOSO PIZZERO,,000001,-1604.7800,0.0000,0.0000,0.0000,780.0000,819.0000,741.0000,,1,11/11/92 19:21:57,0,0,21.0000
000280,000280,01,Uni,,GRASA  x1/2K. INSUGA,,000001,-653.0000,0.0000,0.0000,0.0000,136.0000,142.8000,129.2000,,1,11/11/92 22:50:30,0,0,21.0000
000281,000281,01,Uni,,ARROZ COPEDOCE AMARILLO 1/2K,,000001,-1082.0000,0.0000,0.0000,0.0000,63.6000,66.7800,60.4200,,1,11/12/92 00:10:43,0,0,21.0000
000282,000282,01,Uni,,QUESO RALLADO LA QUESERA x 40 g,,000001,-2269.0000,0.0000,0.0000,0.0000,88.5000,92.9300,84.0800,,1,11/11/92 21:43:19,0,0,21.0000
000283,000283,01,Uni,,Mayonesa Natura x 1 Kg,,000001,-1.0000,0.0000,0.0000,0.0000,195.5000,205.2800,185.7300,,2,11/11/92 18:32:24,0,0,21.0000
000284,000284,01,Uni,,ALCOHOL X 250,,000001,-5.0000,0.0000,0.0000,0.0000,67.6000,70.9800,64.2200,,1,11/11/92 17:52:29,0,0,21.0000
000285,000285,01,Uni,,CREMA DE LECHE ILOLAY X200,,000001,-49.0000,0.0000,0.0000,0.0000,149.4000,156.8700,141.9300,,1,11/11/92 19:40:41,0,0,21.0000
000286,000286,01,Kg,,SALCHICHON PRIMAVERA,,000001,-14.6900,0.0000,0.0000,0.0000,329.0000,345.4500,312.5500,,1,11/11/92 18:28:34,0,0,21.0000
000287,000287,01,Kg,,SALAME BASTON CHESA,,000001,-227.9800,0.0000,0.0000,0.0000,1355.0000,1422.7500,1287.2500,,1,11/11/92 18:12:47,0,0,21.0000
000288,000288,01,Uni,,TOMATE TRITURADO X 970,,000001,-526.0000,0.0000,0.0000,0.0000,336.0000,352.8000,319.2000,,1,11/11/92 23:17:26,0,0,21.0000
000289,000289,01,Uni,,ARROZ COPEDOCE AZUL 1K,,000001,-475.0000,0.0000,0.0000,0.0000,178.0000,186.9000,169.1000,,1,11/12/92 00:12:12,0,0,21.0000
000290,000290,01,Uni,,TOMATE TRITURADO X 8000,,000001,-3.0000,0.0000,0.0000,0.0000,768.5000,806.9300,730.0800,,1,11/11/92 02:11:27,0,0,21.0000
000291,000291,01,Kg,,JAMON COCIDO FOX,,000001,-13.3500,0.0000,0.0000,0.0000,520.0000,546.0000,494.0000,,2,11/11/92 22:04:59,0,0,21.0000
000292,000292,01,Uni,,MOSTAZA X220 DANICA,,000001,-84.0000,0.0000,0.0000,0.0000,72.0000,75.6000,68.4000,,1,11/11/92 01:11:02,0,0,21.0000
000293,000293,01,Uni,,MOSTAZA X60 DANICA,,000001,-32.0000,0.0000,0.0000,0.0000,15.8000,16.5900,15.0100,,1,11/11/92 22:10:25,0,0,21.0000
000294,000294,01,Uni,,YOGUR CON CEREAL V del C,,000001,0.0000,0.0000,0.0000,0.0000,40.0000,42.0000,38.0000,,2,11/11/92 22:32:52,0,0,21.0000
000295,000295,01,Uni,,YOGUR SACHET 1L CREMIGAL,,000001,-1130.0000,0.0000,0.0000,0.0000,165.0000,173.2500,156.7500,,1,11/11/92 21:35:20,0,0,21.0000
000296,000296,01,Uni,,MAYONESA  X  500,,000001,-1095.0000,0.0000,0.0000,0.0000,234.0000,245.7000,222.3000,,1,11/11/92 18:29:56,0,0,21.0000
000297,000297,01,Uni,,GUSTOSO ARROCIN P/ PERRO 5K,,000001,-134.0000,0.0000,0.0000,0.0000,325.0000,341.2500,308.7500,,1,11/11/92 18:55:14,0,0,21.0000
000298,000298,01,Uni,,Harina de Trigo,,000001,-510.0000,0.0000,0.0000,0.0000,127.0000,133.3500,120.6500,,1,11/11/92 20:47:16,0,0,21.0000
000299,000299,01,Uni,,POROTO,,000001,-13.0000,0.0000,0.0000,0.0000,89.5000,93.9800,85.0300,,1,11/11/92 23:02:46,0,0,21.0000
000300,000300,01,Uni,,CALDO 24 x 2,,000001,-216.0000,0.0000,0.0000,0.0000,32.2000,33.8100,30.5900,,1,11/11/92 19:20:22,0,0,21.0000
000301,000301,01,Kg,,QUESO BARRA CREMIGAL,,000001,-18.6300,0.0000,0.0000,0.0000,1180.0000,1239.0000,1121.0000,,1,11/11/92 21:00:53,0,0,21.0000
000302,000302,01,Uni,,SALCHICHAS X 6  LA CASONA,,000001,-2651.0000,0.0000,0.0000,0.0000,135.0000,141.7500,128.2500,,1,11/11/92 18:26:16,0,0,21.0000
000303,000303,01,Kg,,QUESO CREMOSO NOGOLAC,,000001,-8.9300,0.0000,0.0000,0.0000,636.0000,667.8000,604.2000,,1,11/11/92 00:51:53,0,0,21.0000
000304,000304,01,Uni,,YOGUR X 120 G CREMIGAL,,000001,-667.0000,0.0000,0.0000,0.0000,46.5000,48.8300,44.1800,,1,11/11/92 21:37:23,0,0,21.0000
000305,000305,01,Uni,,YOGUR C/ CEREAL CREMIGAL,,000001,-193.0000,0.0000,0.0000,0.0000,89.7000,94.1900,85.2200,,1,11/11/92 21:37:56,0,0,21.0000
000306,000306,01,Uni,,PALETA SANWICHERA,,000001,0.0000,0.0000,0.0000,0.0000,394.5000,414.2300,374.7800,,2,11/11/92 19:33:27,0,0,21.0000
000307,000307,01,Kg,,PALETA SANDWICHERA,,000001,-319.8850,0.0000,0.0000,0.0000,547.0000,574.3500,519.6500,,1,11/11/92 18:11:26,0,0,21.0000
